{
  "name": "",
  "tagType": "Provider",
  "tags": [
    {
      "name": "HMI",
      "tagType": "Folder",
      "tags": [
        {
          "rawHigh": 300.0,
          "valueSource": "opc",
          "scaledLow": 32.0,
          "opcItemPath": "[Generic]_Meta:Realistic/Realistic1",
          "tagGroup": "default",
          "tagType": "AtomicTag",
          "clampMode": "Clamp_Both",
          "scaledHigh": 120.0,
          "scaleMode": "Linear",
          "dataType": "Float8",
          "historyProvider": "Demo",
          "name": "tank2Temp",
          "historyEnabled": true,
          "rawLow": -150.0,
          "value": 57.811013773289986,
          "opcServer": "Ignition OPC UA Server"
        },
        {
          "valueSource": "expr",
          "rawHigh": 67.48,
          "expression": "try(toDataset({[~]Simulation Data})[0,\"c1\"], 0)",
          "opcItemPath": "[Generic]_Meta:Realistic/Realistic2",
          "engHigh": 20.0,
          "tagGroup": "default",
          "tagType": "AtomicTag",
          "clampMode": "Clamp_Both",
          "scaledHigh": 20.0,
          "scaleMode": "Linear",
          "dataType": "Float8",
          "historyProvider": "Demo",
          "name": "flow1",
          "historyEnabled": true,
          "rawLow": 64.13,
          "value": 12.226600599496953,
          "opcServer": "Ignition OPC UA Server"
        },
        {
          "valueSource": "expr",
          "expression": "switch(dateExtract(now(0), \"hour\"),\n\n0,1,2,3,4,5,6,7,8,9,10,11,12,13,14,15,16,17,18,19,20,21,22,23,\n\n2,0,0,1,2,3,1,0,1,0,0,2,2,1,2,0,1,0,1,1,0,0,2,3,\n\n1)",
          "dataType": "Int4",
          "expressionType": "Expression",
          "alarms": [
            {
              "setpointA": 3.0,
              "name": "Fault",
              "displayPath": "Pump 4",
              "priority": "Medium"
            }
          ],
          "name": "pump4",
          "value": 2,
          "tagGroup": "default",
          "tagType": "AtomicTag"
        },
        {
          "valueSource": "expr",
          "rawHigh": 16967.0,
          "expression": "try(toDataset({[~]Simulation Data})[0,\"c16\"], 0)",
          "opcItemPath": "ns\u003d1;s\u003d[Dairy]_Meta:Refrigeration/ambientHum",
          "tagType": "AtomicTag",
          "enabled": true,
          "clampMode": "Clamp_Both",
          "scaledHigh": 100.0,
          "scaleMode": "Linear",
          "dataType": "Float4",
          "historyProvider": "Demo",
          "name": "ambientHum",
          "historyEnabled": true,
          "rawLow": 6310.0,
          "opcServer": "Ignition OPC UA Server"
        },
        {
          "valueSource": "expr",
          "expression": "switch(dateExtract(now(0), \"hour\"),\n\n0,1,2,3,4,5,6,7,8,9,10,11,12,13,14,15,16,17,18,19,20,21,22,23,\n\n1,2,1,0,1,2,3,0,2,1,2,0,1,2,1,1,0,1,2,2,3,0,1,1,\n\n1)",
          "dataType": "Int4",
          "expressionType": "Expression",
          "alarms": [
            {
              "setpointA": 3.0,
              "name": "Fault",
              "displayPath": "Pump 2",
              "priority": "Medium"
            }
          ],
          "name": "pump2",
          "value": 3,
          "tagGroup": "default",
          "tagType": "AtomicTag"
        },
        {
          "valueSource": "memory",
          "expression": "switch(dateExtract(now(0), \"hour\"),\n\n0,1,2,3,4,5,6,7,8,9,10,11,12,13,14,15,16,17,18,19,20,21,22,23,\n\n0,1,0,1,1,2,1,1,1,2,0,0,1,1,0,0,2,1,0,1,1,2,1,0,\n\n1)",
          "dataType": "Int4",
          "expressionType": "Expression",
          "name": "valve2",
          "value": 2,
          "tagGroup": "default",
          "tagType": "AtomicTag"
        },
        {
          "valueSource": "memory",
          "expression": "switch(dateExtract(now(0), \"hour\"),\n\n0,1,2,3,4,5,6,7,8,9,10,11,12,13,14,15,16,17,18,19,20,21,22,23,\n\n0,0,1,1,0,0,2,0,0,0,1,2,1,0,2,1,0,1,2,1,2,1,1,2,\n\n1)",
          "dataType": "Int4",
          "expressionType": "Expression",
          "name": "valve1",
          "value": 0,
          "tagGroup": "default",
          "tagType": "AtomicTag"
        },
        {
          "rawHigh": 400.0,
          "valueSource": "opc",
          "scaledLow": 1000.0,
          "opcItemPath": "[Generic]_Meta:Realistic/Realistic2",
          "tagGroup": "default",
          "tagType": "AtomicTag",
          "clampMode": "Clamp_Both",
          "scaledHigh": 1700.0,
          "scaleMode": "Linear",
          "dataType": "Float8",
          "historyProvider": "Demo",
          "name": "pump4RPM",
          "historyEnabled": true,
          "rawLow": -175.0,
          "value": 686.14262954772,
          "opcServer": "Ignition OPC UA Server"
        },
        {
          "rawHigh": 24.4,
          "valueSource": "expr",
          "scaledLow": 30.0,
          "expression": "try(toDataset({[~]Simulation Data})[0,\"c11\"], 0)",
          "opcItemPath": "[Generic]_Meta:Realistic/Realistic1",
          "alarms": [
            {
              "mode": "AboveValue",
              "setpointA": 90.0,
              "name": "Hi",
              "displayPath": "Tank 2",
              "priority": "Critical"
            },
            {
              "mode": "BelowValue",
              "setpointA": 10.0,
              "name": "Lo",
              "displayPath": "Tank 2",
              "priority": "Medium"
            }
          ],
          "tagGroup": "default",
          "tagType": "AtomicTag",
          "clampMode": "Clamp_Both",
          "scaledHigh": 80.0,
          "scaleMode": "Linear",
          "dataType": "Float8",
          "historyProvider": "Demo",
          "name": "tank2",
          "historyEnabled": true,
          "rawLow": 21.7,
          "value": 15.994069306707356,
          "opcServer": "Ignition OPC UA Server"
        },
        {
          "rawHigh": 300.0,
          "valueSource": "opc",
          "scaledLow": 500.0,
          "opcItemPath": "[Generic]_Meta:Realistic/Realistic2",
          "tagGroup": "default",
          "tagType": "AtomicTag",
          "clampMode": "Clamp_Both",
          "scaledHigh": 1100.0,
          "scaleMode": "Linear",
          "dataType": "Float8",
          "historyProvider": "Demo",
          "name": "pump3RPM",
          "historyEnabled": true,
          "rawLow": -200.0,
          "value": 889.0640239798781,
          "opcServer": "Ignition OPC UA Server"
        },
        {
          "rawHigh": 33.1,
          "valueSource": "expr",
          "scaledLow": 9.0,
          "expression": "try(toDataset({[~]Simulation Data})[0,\"c12\"], 0)",
          "opcItemPath": "ns\u003d1;s\u003d[Generic]_Meta:Realistic/Realistic1",
          "alarms": [
            {
              "mode": "AboveValue",
              "setpointA": 90.0,
              "name": "Hi",
              "displayPath": "Day Tank",
              "priority": "Critical"
            },
            {
              "mode": "BelowValue",
              "setpointA": 10.0,
              "name": "Lo",
              "displayPath": "Day Tank",
              "priority": "Medium"
            }
          ],
          "tagGroup": "default",
          "tagType": "AtomicTag",
          "clampMode": "Clamp_Both",
          "scaledHigh": 92.0,
          "scaleMode": "Linear",
          "dataType": "Float8",
          "historyProvider": "Demo",
          "name": "dayTank",
          "historyEnabled": true,
          "rawLow": 26.9,
          "value": 75.42179349337984,
          "opcServer": "Ignition OPC UA Server"
        },
        {
          "rawHigh": 22.0,
          "valueSource": "expr",
          "scaledLow": 10.0,
          "expression": "try(toDataset({[~]Simulation Data})[0,\"c10\"], 0)",
          "opcItemPath": "[Generic]_Meta:Realistic/Realistic1",
          "alarms": [
            {
              "mode": "AboveValue",
              "setpointA": 90.0,
              "name": "Hi",
              "displayPath": "Tank 1",
              "priority": "Critical"
            },
            {
              "mode": "BelowValue",
              "setpointA": 10.0,
              "name": "Lo",
              "displayPath": "Tank 1",
              "priority": "Medium"
            }
          ],
          "tagGroup": "default",
          "tagType": "AtomicTag",
          "clampMode": "Clamp_Both",
          "scaledHigh": 95.0,
          "scaleMode": "Linear",
          "dataType": "Float8",
          "historyProvider": "Demo",
          "name": "tank1",
          "historyEnabled": true,
          "rawLow": 17.0,
          "value": 29.5181612444832,
          "opcServer": "Ignition OPC UA Server"
        },
        {
          "rawHigh": 67.69,
          "valueSource": "expr",
          "expression": "try(toDataset({[~]Simulation Data})[0,\"c2\"], 0)",
          "opcItemPath": "[Generic]_Meta:Realistic/Realistic2",
          "engHigh": 20.0,
          "tagGroup": "default",
          "tagType": "AtomicTag",
          "clampMode": "Clamp_Both",
          "scaledHigh": 20.0,
          "scaleMode": "Linear",
          "dataType": "Float8",
          "historyProvider": "Demo",
          "name": "flow2",
          "historyEnabled": true,
          "rawLow": 64.12,
          "value": 7.656266933109757,
          "opcServer": "Ignition OPC UA Server"
        },
        {
          "valueSource": "opc",
          "scaledLow": 1400.0,
          "opcItemPath": "[Generic]_Meta:Realistic/Realistic2",
          "tagGroup": "default",
          "tagType": "AtomicTag",
          "clampMode": "Clamp_Both",
          "scaledHigh": 1800.0,
          "scaleMode": "Linear",
          "dataType": "Float8",
          "historyProvider": "Demo",
          "name": "pump1RPM",
          "historyEnabled": true,
          "rawLow": -100.0,
          "value": 1222.6600599496953,
          "opcServer": "Ignition OPC UA Server"
        },
        {
          "valueSource": "expr",
          "rawHigh": 1427.0,
          "expression": "try(toDataset({[~]Simulation Data})[0,\"c7\"], 0)",
          "opcItemPath": "ns\u003d1;s\u003d[Dairy]_Meta:Refrigeration/ambientTemp",
          "tagType": "AtomicTag",
          "clampMode": "Clamp_Both",
          "scaledHigh": 120.0,
          "scaleMode": "Linear",
          "dataType": "Float4",
          "historyProvider": "Demo",
          "name": "ambientTemp",
          "historyEnabled": true,
          "rawLow": 1026.0,
          "opcServer": "Ignition OPC UA Server"
        },
        {
          "valueSource": "expr",
          "expression": "switch(dateExtract(now(0), \"hour\"),\n\n0,1,2,3,4,5,6,7,8,9,10,11,12,13,14,15,16,17,18,19,20,21,22,23,\n\n1,2,0,0,1,1,0,0,2,2,1,1,1,1,0,1,2,0,0,1,1,2,1,0,\n\n1)",
          "dataType": "Int4",
          "expressionType": "Expression",
          "name": "transferPump",
          "value": 1,
          "tagGroup": "default",
          "tagType": "AtomicTag"
        },
        {
          "valueSource": "expr",
          "expression": "switch(dateExtract(now(0), \"hour\"),\r\n\r\n0,1,2,3,4,5,6,7,8,9,10,11,12,13,14,15,16,17,18,19,20,21,22,23,\r\n\r\n1,3,2,0,1,0,0,1,2,1,0,1,1,0,0,3,2,1,3,2,1,0,1,2,\r\n\r\n1)",
          "dataType": "Int4",
          "expressionType": "Expression",
          "alarms": [
            {
              "setpointA": 3.0,
              "name": "Fault",
              "displayPath": "Pump 3",
              "priority": "Medium"
            }
          ],
          "name": "pump3",
          "value": 0,
          "tagGroup": "default",
          "tagType": "AtomicTag"
        },
        {
          "valueSource": "expr",
          "expression": "switch(dateExtract(now(0), \"hour\"),\r\n\r\n0,1,2,3,4,5,6,7,8,9,10,11,12,13,14,15,16,17,18,19,20,21,22,23,\r\n\r\n1,2,0,1,3,2,1,0,1,1,0,3,2,2,1,1,1,3,0,0,2,0,0,1,\r\n\r\n1)",
          "dataType": "Int4",
          "expressionType": "Expression",
          "alarms": [
            {
              "setpointA": 3.0,
              "name": "Fault",
              "displayPath": "Pump 1",
              "priority": "Medium"
            }
          ],
          "name": "pump1",
          "value": 2,
          "tagGroup": "default",
          "tagType": "AtomicTag"
        },
        {
          "valueSource": "opc",
          "scaledLow": 300.0,
          "opcItemPath": "[Generic]_Meta:Realistic/Realistic2",
          "tagGroup": "default",
          "tagType": "AtomicTag",
          "clampMode": "Clamp_Both",
          "scaledHigh": 800.0,
          "scaleMode": "Linear",
          "dataType": "Float8",
          "historyProvider": "Demo",
          "name": "pump2RPM",
          "historyEnabled": true,
          "value": 445.32011989939036,
          "opcServer": "Ignition OPC UA Server"
        },
        {
          "rawHigh": 175.0,
          "valueSource": "opc",
          "scaledLow": 32.0,
          "opcItemPath": "[Generic]_Meta:Realistic/Realistic1",
          "tagGroup": "default",
          "tagType": "AtomicTag",
          "clampMode": "Clamp_Both",
          "scaledHigh": 120.0,
          "scaleMode": "Linear",
          "dataType": "Float8",
          "historyProvider": "Demo",
          "name": "tank1Temp",
          "historyEnabled": true,
          "rawLow": -300.0,
          "value": 84.24201304837999,
          "opcServer": "Ignition OPC UA Server"
        },
        {
          "valueSource": "memory",
          "expression": "switch(dateExtract(now(0), \"hour\"),\n\n0,1,2,3,4,5,6,7,8,9,10,11,12,13,14,15,16,17,18,19,20,21,22,23,\n\n1,2,1,0,0,1,0,0,1,1,0,0,2,0,1,1,2,1,1,1,2,1,0,1,\n\n1)",
          "dataType": "Int4",
          "expressionType": "Expression",
          "name": "valve3",
          "value": 1,
          "tagGroup": "default",
          "tagType": "AtomicTag"
        }
      ]
    },
    {
      "name": "Components",
      "tagType": "Folder",
      "tags": [
        {
          "valueSource": "memory",
          "eventScripts": [
            {
              "eventid": "valueChanged",
              "script": "\timport time\n\tif currentValue.value:\n\t\ttime.sleep(3)\n\t\tsystem.tag.write(\"[default]Components/oneShot\", 0)"
            }
          ],
          "name": "oneShot",
          "value": "0",
          "tagType": "AtomicTag"
        }
      ]
    },
    {
      "name": "Web Services",
      "tagType": "Folder",
      "tags": [
        {
          "valueSource": "memory",
          "dataType": "String",
          "name": "New Tag",
          "value": "",
          "tagType": "AtomicTag"
        }
      ]
    },
    {
      "name": "Alarms",
      "tagType": "Folder",
      "tags": [
        {
          "valueSource": "memory",
          "dataType": "Boolean",
          "historyProvider": "Demo",
          "alarms": [
            {
              "setpointA": 1.0,
              "notes": "Notes for machine fault",
              "name": "Fault",
              "label": "",
              "displayPath": "Machine Fault"
            }
          ],
          "name": "Fault",
          "historyEnabled": true,
          "value": true,
          "tagType": "AtomicTag"
        },
        {
          "valueSource": "memory",
          "historyProvider": "Demo",
          "alarms": [
            {
              "mode": "AboveValue",
              "setpointA": 90.0,
              "notes": "Level is too high",
              "name": "Hi",
              "displayPath": "Level Hi Alarm",
              "priority": "Critical"
            },
            {
              "mode": "BelowValue",
              "setpointA": 10.0,
              "notes": "The level is too low",
              "name": "Lo",
              "label": "",
              "displayPath": "Level Lo Alarm",
              "priority": "Medium"
            }
          ],
          "name": "Level",
          "historyEnabled": true,
          "value": "100",
          "tagType": "AtomicTag"
        }
      ]
    },
    {
      "name": "Refrigeration",
      "tagType": "Folder",
      "tags": [
        {
          "valueSource": "opc",
          "opcItemPath": "[Dairy]_Meta:Refrigeration/valveKing",
          "historyProvider": "Demo",
          "dataType": "Int4",
          "historyEnabled": true,
          "name": "valveKing",
          "value": 0,
          "tagType": "AtomicTag",
          "opcServer": "Ignition OPC UA Server"
        },
        {
          "valueSource": "opc",
          "opcItemPath": "[Dairy]_Meta:Refrigeration/valveDischarge",
          "historyProvider": "Demo",
          "dataType": "Int4",
          "historyEnabled": true,
          "name": "valveDischarge",
          "value": 1,
          "tagType": "AtomicTag",
          "opcServer": "Ignition OPC UA Server"
        },
        {
          "valueSource": "opc",
          "opcItemPath": "[Dairy]_Meta:Refrigeration/receiverLevel",
          "historyProvider": "Demo",
          "dataType": "Int4",
          "historyEnabled": true,
          "name": "receiverLevel",
          "value": 4,
          "tagType": "AtomicTag",
          "opcServer": "Ignition OPC UA Server"
        },
        {
          "valueSource": "opc",
          "opcItemPath": "[Dairy]_Meta:Refrigeration/ambientTemp",
          "historyProvider": "Demo",
          "dataType": "Float4",
          "historyEnabled": true,
          "name": "ambientTemp",
          "formatString": "#,##0.00",
          "value": 74.115654,
          "tagType": "AtomicTag",
          "opcServer": "Ignition OPC UA Server"
        },
        {
          "valueSource": "opc",
          "opcItemPath": "[Dairy]_Meta:Refrigeration/accumulatorLevel",
          "historyProvider": "Demo",
          "dataType": "Int4",
          "historyEnabled": true,
          "name": "accumulatorLevel",
          "value": 85,
          "tagType": "AtomicTag",
          "opcServer": "Ignition OPC UA Server"
        },
        {
          "valueSource": "opc",
          "opcItemPath": "[Dairy]_Meta:Refrigeration/ambientHum",
          "historyProvider": "Demo",
          "dataType": "Float4",
          "historyEnabled": true,
          "name": "ambientHum",
          "formatString": "#,##0.00",
          "value": 100.0,
          "tagType": "AtomicTag",
          "opcServer": "Ignition OPC UA Server"
        }
      ]
    },
    {
      "name": "Dashboard",
      "tagType": "Folder",
      "tags": [
        {
          "rawHigh": 200.0,
          "valueSource": "opc",
          "opcItemPath": "[Generic]_Meta:Realistic/Realistic4",
          "tagType": "AtomicTag",
          "clampMode": "Clamp_Both",
          "scaledHigh": 90.0,
          "scaleMode": "Linear",
          "historyProvider": "Demo",
          "dataType": "Float8",
          "historyEnabled": true,
          "name": "power",
          "rawLow": -100.0,
          "value": 37.2871400824688,
          "opcServer": "Ignition OPC UA Server"
        },
        {
          "valueSource": "opc",
          "opcItemPath": "[Generic]_Meta:Realistic/Realistic1",
          "tagType": "AtomicTag",
          "clampMode": "Clamp_Both",
          "scaledHigh": 90.0,
          "scaleMode": "Linear",
          "historyProvider": "Demo",
          "dataType": "Float8",
          "historyEnabled": true,
          "name": "speed",
          "rawLow": -100.0,
          "value": 22.5,
          "opcServer": "Ignition OPC UA Server"
        },
        {
          "valueSource": "opc",
          "opcItemPath": "[Generic]_Meta:Realistic/Realistic2",
          "tagType": "AtomicTag",
          "clampMode": "Clamp_Both",
          "scaledHigh": 100.0,
          "scaleMode": "Linear",
          "historyProvider": "Demo",
          "dataType": "Float8",
          "historyEnabled": true,
          "name": "temp",
          "rawLow": -100.0,
          "value": 40.648972450406724,
          "opcServer": "Ignition OPC UA Server"
        },
        {
          "rawHigh": 300.0,
          "valueSource": "opc",
          "opcItemPath": "[Generic]_Meta:Realistic/Realistic3",
          "tagType": "AtomicTag",
          "clampMode": "Clamp_Both",
          "scaledHigh": 100.0,
          "scaleMode": "Linear",
          "historyProvider": "Demo",
          "dataType": "Float8",
          "historyEnabled": true,
          "name": "speed2",
          "rawLow": -100.0,
          "value": 30.73782952471939,
          "opcServer": "Ignition OPC UA Server"
        }
      ]
    },
    {
      "valueSource": "db",
      "dataType": "DataSet",
      "datasource": "Demo",
      "query": "SELECT * FROM simulation_data_minute \r\nWHERE HOUR(t_stamp) \u003d HOUR(CURRENT_TIMESTAMP) AND MINUTE(t_stamp) \u003d MINUTE(CURRENT_TIMESTAMP)",
      "name": "Simulation Data",
      "executionMode": "FixedRate",
      "executionRate": 30000,
      "tagType": "AtomicTag"
    },
    {
      "name": "_types_",
      "tagType": "Folder"
    }
  ]
}